Workbook

Sheet Student Name
B3: Student Name | C3: Grade | D3: English | E3: Math | F3: History | G3: Science | H3: Average | I3: Total Marks | J3: Gain | K3: Percentage | L3: Grade | M3: City (by VLOOKUP) | N3: City (by XLOOKUP)
B4: Alice | C4: A | D4: 90 | E4: 85 | F4: 88 | G4: 92 | H4: =AVERAGE(D4:G4) -> 88.75 | I4: 400 | J4: =SUM(D4:G4) -> 355 | K4: =J4/I4 -> 0.8875 | L4: =IF(K4>33%,"PASS","FAIL") -> PASS | M4: =VLOOKUP(B4,City!A2:B18,2,0) -> New York City | N4: =_xlfn.XLOOKUP(B4,City!A:A,City!B:B) -> New York City
B5: Bob | C5: B | D5: 78 | E5: 92 | F5: 85 | G5: 88 | H5: =AVERAGE(D5:G5) -> 85.75 | I5: 400 | J5: =SUM(D5:G5) -> 343 | K5: =J5/I5 -> 0.8575 | L5: =IF(K5>33%,"PASS","FAIL") -> PASS | M5: =VLOOKUP(B5,City!A3:B19,2,0) -> London | N5: =_xlfn.XLOOKUP(B5,City!A:A,City!B:B) -> London
B6: Carol | C6: C | D6: 85 | E6: 76 | F6: 72 | G6: 80 | H6: =AVERAGE(D6:G6) -> 78.25 | I6: 400 | J6: =SUM(D6:G6) -> 313 | K6: =J6/I6 -> 0.7825 | L6: =IF(K6>33%,"PASS","FAIL") -> PASS | M6: =VLOOKUP(B6,City!A4:B20,2,0) -> Tokyo | N6: =_xlfn.XLOOKUP(B6,City!A:A,City!B:B) -> Tokyo
B7: David | C7: B | D7: 70 | E7: 80 | F7: 78 | G7: 75 | H7: =AVERAGE(D7:G7) -> 75.75 | I7: 400 | J7: =SUM(D7:G7) -> 303 | K7: =J7/I7 -> 0.7575 | L7: =IF(K7>33%,"PASS","FAIL") -> PASS | M7: =VLOOKUP(B7,City!A5:B21,2,0) -> Paris | N7: =_xlfn.XLOOKUP(B7,City!A:A,City!B:B) -> Paris
B8: Emily | C8: A | D8: 92 | E8: 94 | F8: 90 | G8: 95 | H8: =AVERAGE(D8:G8) -> 92.75 | I8: 400 | J8: =SUM(D8:G8) -> 371 | K8: =J8/I8 -> 0.9275 | L8: =IF(K8>33%,"PASS","FAIL") -> PASS | M8: =VLOOKUP(B8,City!A6:B22,2,0) -> Mumbai | N8: =_xlfn.XLOOKUP(B8,City!A:A,City!B:B) -> Mumbai
B9: Frank | C9: D | D9: 62 | E9: 70 | F9: 68 | G9: 55 | H9: =AVERAGE(D9:G9) -> 63.75 | I9: 400 | J9: =SUM(D9:G9) -> 255 | K9: =J9/I9 -> 0.6375 | L9: =IF(K9>33%,"PASS","FAIL") -> PASS | M9: =VLOOKUP(B9,City!A7:B23,2,0) -> Sydney | N9: =_xlfn.XLOOKUP(B9,City!A:A,City!B:B) -> Sydney
B10: Grace | C10: A | D10: 95 | E10: 88 | F10: 92 | G10: 96 | H10: =AVERAGE(D10:G10) -> 92.75 | I10: 400 | J10: =SUM(D10:G10) -> 371 | K10: =J10/I10 -> 0.9275 | L10: =IF(K10>33%,"PASS","FAIL") -> PASS | M10: =VLOOKUP(B10,City!A8:B24,2,0) -> Beijing | N10: =_xlfn.XLOOKUP(B10,City!A:A,City!B:B) -> Beijing
B11: Helen | C11: C | D11: 75 | E11: 72 | F11: 70 | G11: 68 | H11: =AVERAGE(D11:G11) -> 71.25 | I11: 400 | J11: =SUM(D11:G11) -> 285 | K11: =J11/I11 -> 0.7125 | L11: =IF(K11>33%,"PASS","FAIL") -> PASS | M11: =VLOOKUP(B11,City!A9:B25,2,0) -> Rio de Janeiro | N11: =_xlfn.XLOOKUP(B11,City!A:A,City!B:B) -> Rio de Janeiro
B12: Ian | C12: B | D12: 78 | E12: 80 | F12: 75 | G12: 82 | H12: =AVERAGE(D12:G12) -> 78.75 | I12: 400 | J12: =SUM(D12:G12) -> 315 | K12: =J12/I12 -> 0.7875 | L12: =IF(K12>33%,"PASS","FAIL") -> PASS | M12: =VLOOKUP(B12,City!A10:B26,2,0) -> Cairo | N12: =_xlfn.XLOOKUP(B12,City!A:A,City!B:B) -> Cairo
B13: Jane | C13: A | D13: 88 | E13: 90 | F13: 92 | G13: 86 | H13: =AVERAGE(D13:G13) -> 89 | I13: 400 | J13: =SUM(D13:G13) -> 356 | K13: =J13/I13 -> 0.89 | L13: =IF(K13>33%,"PASS","FAIL") -> PASS | M13: =VLOOKUP(B13,City!A11:B27,2,0) -> Cape Town | N13: =_xlfn.XLOOKUP(B13,City!A:A,City!B:B) -> Cape Town
B14: Kevin | C14: C | D14: 72 | E14: 68 | F14: 70 | G14: 74 | H14: =AVERAGE(D14:G14) -> 71 | I14: 400 | J14: =SUM(D14:G14) -> 284 | K14: =J14/I14 -> 0.71 | L14: =IF(K14>33%,"PASS","FAIL") -> PASS | M14: =VLOOKUP(B14,City!A12:B28,2,0) -> Mexico City | N14: =_xlfn.XLOOKUP(B14,City!A:A,City!B:B) -> Mexico City
B15: Laura | C15: B | D15: 80 | E15: 85 | F15: 88 | G15: 82 | H15: =AVERAGE(D15:G15) -> 83.75 | I15: 400 | J15: =SUM(D15:G15) -> 335 | K15: =J15/I15 -> 0.8375 | L15: =IF(K15>33%,"PASS","FAIL") -> PASS | M15: =VLOOKUP(B15,City!A13:B29,2,0) -> Rome | N15: =_xlfn.XLOOKUP(B15,City!A:A,City!B:B) -> Rome
... B20: Nikita | C20: F | D20: 33 | E20: 31 | F20: 28 | G20: 24 | H20: =AVERAGE(D20:G20) -> 29 | I20: 400 | J20: =SUM(D20:G20) -> 116 | K20: =J20/I20 -> 0.29 | L20: =IF(K20>33%,"PASS","FAIL") -> FAIL | M20: =VLOOKUP(B20,City!A18:B34,2,0) -> Japan | N20: =_xlfn.XLOOKUP(B20,City!A:A,City!B:B) -> Japan
B21: Quinn | C21: B | D21: 80 | E21: 85 | F21: 88 | G21: 82 | H21: =AVERAGE(D21:G21) -> 83.75 | I21: 400 | J21: =SUM(D21:G21) -> 335 | K21: =J21/I21 -> 0.8375 | L21: =IF(K21>33%,"PASS","FAIL") -> PASS | M21: =VLOOKUP(B21,City!A18:B34,2,0) -> Moscow | N21: =_xlfn.XLOOKUP(B21,City!A:A,City!B:B) -> Moscow
C23: Grade | D23: No. of Students | E23: Total in English | F23: Average in English
C24: A | D24: =COUNTIF(C4:C21,C24) -> 5 | E24: =SUMIF(C4:C21,C24,D4:D21) -> 457 | F24: =AVERAGEIF(C4:C21,C24,D4:D21) -> 91.4
C25: B | D25: =COUNTIF(C5:C22,C25) -> 6 | E25: =SUMIF(C5:C22,C25,D5:D22) -> 464 | F25: =AVERAGEIF(C5:C22,C25,D5:D22) -> 77.333333
C26: C | D26: =COUNTIF(C6:C23,C26) -> 3 | E26: =SUMIF(C6:C23,C26,D6:D23) -> 232 | F26: =AVERAGEIF(C6:C23,C26,D6:D23) -> 77.333333
C27: D | D27: =COUNTIF(C7:C24,C27) -> 2 | E27: =SUMIF(C7:C24,C27,D7:D24) -> 122 | F27: =AVERAGEIF(C7:C24,C27,D7:D24) -> 61
C28: E | D28: =COUNTIF(C8:C25,C28) -> 1 | E28: =SUMIF(C8:C25,C28,D8:D25) -> 44 | F28: =AVERAGEIF(C8:C25,C28,D8:D25) -> 44
C29: F | D29: =COUNTIF(C9:C26,C29) -> 1 | E29: =SUMIF(C9:C26,C29,D9:D26) -> 33 | F29: =AVERAGEIF(C9:C26,C29,D9:D26) -> 33

Sheet City
A1: Student Name | B1: City
A2: Alice | B2: New York City
A3: Bob | B3: London
A4: Carol | B4: Tokyo
A5: David | B5: Paris
A6: Emily | B6: Mumbai
A7: Frank | B7: Sydney
A8: Grace | B8: Beijing
A9: Helen | B9: Rio de Janeiro
A10: Ian | B10: Cairo
A11: Jane | B11: Cape Town
A12: Kevin | B12: Mexico City
... A19: Quinn | B19: Moscow

Sheet Remove Duplicates
A1: BEFORE REMOVING DUPLICATES
E2: AFTER REMOVING DUPLICATES
A3: Student Name | B3: City
A4: Alice | B4: New York City | E4: Student Name | F4: City
A5: Bob | B5: London | E5: Alice | F5: New York City
A6: Carol | B6: Tokyo | E6: Bob | F6: London
A7: David | B7: Paris | E7: Carol | F7: Tokyo
A8: Emily | B8: Mumbai | E8: David | F8: Paris
A9: Frank | B9: Sydney | E9: Emily | F9: Mumbai
A10: Grace | B10: Beijing | E10: Frank | F10: Sydney
A11: Helen | B11: Rio de Janeiro | E11: Grace | F11: Beijing
A12: Ian | B12: Cairo | E12: Helen | F12: Rio de Janeiro
A13: Jane | B13: Cape Town | E13: Ian | F13: Cairo
A14: Kevin | B14: Mexico City | E14: Jane | F14: Cape Town
A15: Laura | B15: Rome | E15: Kevin | F15: Mexico City
... A22: Alice | B22: New York City | E22: Quinn | F22: Moscow
A23: Bob | B23: London
A24: Carol | B24: Tokyo
A25: David | B25: Paris
A26: Emily | B26: Mumbai
A27: Frank | B27: Sydney
A28: Grace | B28: Beijing
A29: Helen | B29: Rio de Janeiro
A30: Ian | B30: Cairo
A31: Jane | B31: Cape Town
A32: Kevin | B32: Mexico City
A33: Laura | B33: Rome
A34: Michael | B34: Istanbul
... A47: Quinn | B47: Moscow
